"wtNames","wtVec"
"Dp4",0
"DroWil",0.350101971447995
"DroAna",0.159755268524813
"DroEre",0.0373895309313392
"DroMoj",0.350101971447995
"DroSim",0.0142760027192386
"DroYak",0.0373895309313392
"DroVir",0.350101971447995
