"","tf","pChoice"
"1","slp",0.00960248092744189
"2","cad",0.001
"3","bcd",0.001
"4","gt",0.0141747416292681
"5","hb",0.001
"6","kr",0.00977009957299226
"7","vfl",0.00486260158006536
